No,ID,Last name,First Name,Gender,Date of Birth
1,1553021,Truong Ngoc Anh,Hao,Male,1997/11/18
2,1553028,Shih  Ya,Fang,Male,1997/10/16
3,1553035,Tran Trong,Tan,Male,1997/07/17
4,1553042,Nguyen Quoc,Bao,Male,1997/02/14
5,1553049,Bui Duc,Hoang,Male,1997/02/27
6,1553056,Ngo Thi Quynh,My,Female,1997/09/23
7,1553063,Nguyen Tran Tu,Anh,Male,1997/02/04
8,1553070,Nguyen Thanh,Hau,Male,1997/07/08
9,1553077,Than Le Thanh,Tuyen,Female,1997/11/29
10,1553084,Nguyen Ngoc,Diem,Female,1997/01/13
11,1553091,Phan Van,Thao,Female,1997/05/06
12,1553098,Huynh Duc,Duy,Male,1996/11/23
13,1553105,Dang Thi Huong,Giang,Female,1997/01/03
14,1553112,Pham Thi Yen,Nhi,Female,1997/02/25
15,1553119,Nguyen Hai,Y,Male,1994/02/12
16,1553126,Hoang Canh,Trung,Male,1995/02/14
17,1553133,Pham Minh,Trung,Male,1997/05/15
18,1553140,Vu Thanh,Thanh,Male,1997/03/13
19,1553147,Pham Thi Hong,Hue,Female,1997/07/23
20,1553154,Trinh Ngoc,Huy,Male,1997/02/24
21,1553161,Nguyen Cao,Thuc,Male,1996/09/11
22,1553168,Le Phuc,Tuong,Male,1997/08/24
23,1553175,Nguyen Thi Yen,Linh,Female,1997/02/21
24,1553182,Vu Thi Thuy,Nga,Female,1995/11/08
25,1553189,Vuu Thuy,Ngan,Female,1997/01/03
26,1553196,Mai Tran Phuong,Uyen,Female,1997/10/11
27,1553203,Nguyen Tra Kieu,Thanh,Male,1997/07/26
28,1553210,Le Tu,Anh,Male,1997/11/23
29,1553217,Tran Minh,Quang,Male,1997/10/17
30,1553224,Nguyen Ngoc,Thinh,Male,1997/03/15
31,1553231,Truong Thi Kim,Huyen,Male,1997/01/09
32,1553238,Dang Thuy Long,Chau,Male,1997/03/31
33,1553245,Pham Hoang Tan,Phat,Male,1997/02/18
34,1553252,Nguyen Tuong Nhat,Quang,Male,1997/12/09
35,1553259,Pham Nguyen Thuc,Linh,Male,1997/11/09
36,1553266,Nguyen Ngoc Ky,Thoa,Female,1996/08/04
37,1553273,Le Quoc,Tuan,Male,1997/01/16
38,1553280,Nguyen Duc,Phat,Male,1997/02/07
39,1553287,Truong Dinh,Phu,Male,1995/01/03
40,1553294,Le Phu,Loc,Male,1997/03/06
41,1553301,Le Anh,Trung,Male,1997/08/13
42,1553308,Hoang Ngoc Tram,Anh,Female,1997/07/11
43,1553315,Le Thanh,Van,Female,1997/06/17
