No,ID,Last name,First Name,Gender,Date of Birth
1,1653004,Nguyen Le Tung ,Bach,Male,1998/03/21
2,1653005,Vu Tuong ,Bach,Male,1998/10/02
3,1653006,Huynh Thanh ,Binh,Male,1998/12/23
4,1653008,Tran Minh ,Canh,Male,1998/11/24
5,1653009,Ngo Anh ,Canh,Male,1998/01/25
6,1653010,Pham Van ,Chuan,Male,1998/02/26
7,1653011,Vu Minh ,Dang,Male,1998/01/27
8,1653012,Pham Viet Minh ,Dao,Male,1998/02/28
9,1653013,Nguyen Anh ,Dat,Male,1998/03/29
10,1653014,Nguyen Minh ,Duc,Male,1998/12/30
11,1653015,Tran Cong Tan ,Dung,Male,1998/11/30
12,1653018,Phan Tran The ,Duy,Male,1998/04/01
13,1653021,Nguyen Duc ,Hai,Male,1998/03/02
14,1653022,Nguyen Thanh ,Hai,Male,1997/11/03
15,1653023,Tang Si ,Hao,Male,1998/02/04
16,1653030,Nguyen Anh ,Huy,Male,1998/12/05
17,1653032,Tran Minh ,Kha,Male,1996/10/06
18,1653033,Dam Quang ,Khai,Male,1998/05/02
19,1653037,Huynh Minh Dang ,Khoa,Male,1998/06/08
20,1653038,Tran Dang ,Khoa,Male,1998/06/09
21,1653039,Ngo Quoc ,Lam,Male,1998/07/10
22,1653043,Ly Gia ,Lap,Male,1998/09/11
23,1653046,Nguyen Thanh ,Long,Male,1998/11/12
24,1653049,Pham Viet ,Luc,Male,1998/12/13
25,1653050,To Hong Dai ,Minh,Male,1998/02/14
26,1653052,Phan Tran Xuan ,Nam,Male,1997/04/15
27,1653053,To Thanh ,Nghia,Male,1998/02/16
28,1653055,Nguyen Huu ,Nghia,Male,1997/04/17
29,1653057,Vo Thi Thanh ,Ngoc,Female,1998/05/18
30,1653061,Tran Minh ,Nhut,Male,1998/04/19
31,1653062,Truong Vy ,Phat,Male,1998/01/20
32,1653063,Tran Hai ,Phong,Male,1998/01/21
33,1653065,Pham Anh ,Phu,Male,1998/12/22
34,1653067,Tran Trong ,Phuc,Male,1998/10/23
35,1653068,Trinh Dai ,Phuc,Male,1996/06/24
36,1653070,Phan Nhat ,Quang,Male,1998/04/12
37,1653071,Nguyen Minh ,Quang,Male,1998/10/26
38,1653072,Tran Kien ,Quoc,Male,1998/04/01
39,1653074,Nguyen Xuan ,Sang,Male,1998/04/28
40,1653075,Pham Ba ,Son,Male,1998/08/21
41,1653076,Dang Duc ,Tai,Male,1998/06/07
42,1653149,Tran Quang,Hung,Male,1998/05/01
