No,ID,Last name,First Name,Gender,Date of Birth
1,1553032,Nguyen Van Quan,Thinh,Male,1997/02/12
2,1553040,Do Minh,The,Male,1996/12/31
3,1653078,Pham Minh ,The,Male,1998/02/05
4,1653079,Nguyen Ngoc ,Thien,Male,1998/03/31
5,1653081,Huynh Quoc ,Thinh,Male,1998/05/02
6,1653083,Hoang Xuan ,Thinh,Male,1998/12/01
7,1653085,Doan Nguyen Song ,Thuong,Female,1998/11/26
8,1653087,Do Manh ,Tien,Male,1998/12/24
9,1653088,Nguyen Manh ,Tien,Male,1998/10/30
10,1653089,Nguyen Huynh Bao ,Tin,Male,1998/10/11
11,1653091,Bui Huy ,Toan,Male,1998/08/04
12,1653092,Dinh Tran ,Toan,Male,1998/09/13
13,1653093,Lam Van ,Toi,Male,1998/01/12
14,1653095,Nguyen Minh ,Tri,Male,1998/02/05
15,1653096,Nguyen Van ,Trong,Male,1998/03/10
16,1653097,Nguyen Khanh ,Truong,Male,1998/03/10
17,1653098,Vo Minh ,Tu,Male,1998/05/07
18,1653099,Nguyen Van ,Tu,Male,1998/08/25
19,1653100,Nguyen Van ,Tuan,Male,1998/10/15
20,1653101,Dang Son ,Tung,Male,1998/11/13
21,1653102,Nguyen Thanh ,Tuong,Male,1998/07/11
22,1653104,Ngo Tan ,Viet,Male,1998/01/12
23,1653105,Luu Trong ,Vinh,Male,1998/02/20
24,1653106,Hsiao(Tiu) Kieu ,Vy,Male,1998/03/28
25,1653107,Nguyen Trong ,An,Male,1998/11/19
26,1653108,Pham Huu ,Sang,Male,1998/12/18
27,1653109,Trinh Hoang ,Lam,Male,1998/10/27
28,1653111,Vu Hoang Anh ,Quan,Male,1998/07/28
29,1653112,Nguyen Anh ,Trung,Male,1998/08/31
30,1653113,Nguyen Ba ,Tuan,Male,1998/09/20
31,1653114,Tran Thai ,Vinh,Male,1998/09/01
32,1653115,La Phi ,Nhung,Female,1998/05/09
33,1653118,Pham Quoc ,Bao,Male,1998/04/02
34,1653120,Le Phu ,Dat,Male,1998/08/08
35,1653131,Nguyen Van ,Ngoc,Male,1998/09/11
36,1653133,Nguyen Trong ,Nhan,Male,1998/05/15
37,1653134,Le Tan ,Phong,Male,1998/01/19
38,1653139,Hoang Van ,Thuc,Male,1998/02/20
39,1653141,Trinh Xuan ,Tien,Male,1998/03/03
40,1653142,Nguyen Anh ,Tu,Male,1998/06/06
41,1653144,Nguyen Tan ,Sang,Male,1998/10/11
42,1653145,Tran Do Anh ,Duy,Male,1998/08/02
43,1653146,Vu Thanh,Trung,Male,1998/09/09
44,1653147,Tran,Dung,Male,1998/02/22
45,1653148,Le Dinh Anh,Khoa,Male,1997/08/18
