No,ID,Last name,First Name,Gender,Date of Birth
1,1651001,Pham Tuan,Anh,Male,1998/11/05
2,1651002,Tran Duc,Anh,Male,1998/12/04
3,1651003,Ksor,Au,Male,1998/05/08
4,1651004,Phan Xuan,Bao,Male,1998/03/04
5,1651005,Tran Huu Chi,Bao,Male,1998/04/23
6,1651006,Lam Quoc,Binh,Male,1998/05/11
7,1651007,Tran Thanh,Binh,Female,1998/03/18
8,1651008,Vo Ha Thanh,Binh,Male,1998/05/23
9,1651009,Cao Tat,Cuong,Male,1997/12/09
10,1651010,Ha Minh,Cuong,Male,1998/05/09
11,1651011,Ho Duc,Cuong,Male,1998/07/10
12,1651012,Truong Cong Quoc,Cuong,Male,1998/10/15
13,1651013,Huynh Thanh,Dan,Male,1998/10/17
14,1651015,Nguyen Minh,Dang,Male,1998/08/30
15,1651016,Pham Hai,Dang,Male,1998/01/04
16,1651017,Phan Khac Thanh,Danh,Male,1998/07/14
17,1651018,Vo Van Hoang,Danh,Male,1998/07/13
18,1651019,Le Quoc,Dat,Male,1998/04/04
19,1651020,Le Tho,Dat,Male,1998/09/10
20,1651021,Nguyen Le Trong,Dat,Male,1998/01/10
21,1651022,Nguyen Tan,Dat,Male,1998/08/25
22,1651023,Thai Tan,Dat,Male,1998/02/09
23,1651024,Tran Hoang,Dat,Male,1998/02/23
24,1651025,Ung Tien,Dat,Male,1998/08/23
25,1651026,Vo Van Ba,Dat,Male,1998/09/19
26,1651027,Pham Ngoc,Diep,Male,1998/02/23
27,1651028,Mai Trung,Dong,Male,1998/09/02
28,1651029,Pham Anh,Duc,Male,1998/09/02
29,1651030,Pham Minh,Duc,Male,1998/09/04
30,1651031,Vo Ngoc,Duc,Male,1998/08/14
31,1651032,Lam Chi,Dung,Male,1998/12/13
32,1651033,Nguyen Vinh,Quang,Male,1998/01/12
33,1651034,Tran Thanh,Quang,Male,1998/10/30
34,1651035,Tran Xuan,Quy,Male,1998/04/25
35,1651036,Vo Duong,Thuan,Male,1998/09/11
36,1651037,Huynh Ho Thanh,Tra,Male,1998/07/18
37,1651038,Nguyen Thi Ngoc,Tram,Female,1998/09/16
