No,ID,Last name,First Name,Gender,Date of Birth
1,1652002,Vo Thien,An,Male,1998/08/15
2,1652003,Pham Le Hoai Phuong,Anh,Female,1998/05/31
3,1652004,Doan Xuan,Bach,Male,1998/02/13
4,1652005,Nguyen Hoang Gia,Bao,Male,1998/10/25
5,1652006,Ly Ngoc,Binh,Female,1998/04/03
6,1652007,Nguyen,Chan,Male,1998/12/15
7,1652008,Hua Huy,Cuong,Male,1998/01/01
8,1652009,Nguyen Cong,Danh,Male,1997/09/13
9,1652010,Vu Thanh,Dat,Male,1998/10/03
10,1652011,Lam Xuong,Duc,Male,1998/07/22
11,1652012,Le Minh,Duc,Male,1998/03/20
12,1652013,Nguyen Ngoc,Duc,Male,1998/07/22
13,1652014,Nguyen Viet,Dung,Male,1998/10/12
14,1652015,Nguyen Dai,Duong,Male,1998/08/06
15,1652016,Tran Anh,Quan,Male,1998/10/04
16,1652017,Ngo Phu Huu Dai,Son,Male,1998/05/07
17,1652018,Pham,Tan,Male,1998/04/26
18,1652019,Nguyen Tan,Thin,Male,1998/09/21
19,1652020,Nguyen Hoang Duc,Thinh,Male,1998/11/21
20,1652021,Nguyen Minh,Thu,Female,1998/08/10
21,1652022,Pham Nguyen Minh,Thy,Female,1997/02/06
22,1652023,Bui Huynh Trung,Tin,Male,1998/08/19
23,1652024,Nguyen Tran,To,Male,1998/08/19
24,1652025,Tran Dac,Toan,Male,1998/10/10
25,1652026,Truong Dai,Trieu,Male,1998/09/21
26,1652027,Dinh Huu Phuc,Trung,Male,1998/03/24
27,1652028,Hoang Tran Thanh,Trung,Male,1998/03/30
28,1652029,Le Nguyen Thanh,Trung,Male,1998/04/16
29,1652030,Luong Duc,Trung,Male,1998/02/14
30,1652031,Nguyen Ich,Tu,Male,1998/05/27
31,1652032,Nguyen Thanh,Tung,Male,1998/03/26
32,1652033,Bui Van,Vi,Male,1998/09/24
33,1652034,Tang Hoang,Yen,Female,1998/04/01
