No,ID,Last name,First Name,Gender,Date of Birth
1,1753005,Bui Minh,Khoa,Male,1999/02/23
2,1753008,Pham Huynh,Nhat,Male,1999/04/05
3,1753023,Ta Thien,Phuc,Male,1998/11/06
4,1753063,Cao Duy,Khiem,Male,1999/02/28
5,1753064,Chu Bach,Khoa,Male,1999/03/31
6,1753065,Nguyen Nhat,Khoa,Male,1999/10/30
7,1753067,Nguyen Trung,Kien,Male,1999/12/12
8,1753068,Nguyen Tuan,Long,Male,1999/01/02
9,1753069,Hoang Hung,Manh,Male,1999/02/14
10,1753070,Hua Anh,Minh,Male,1999/01/15
11,1753071,Huong Dat,Minh,Male,1999/03/31
12,1753073,Truong Thuan,Nam,Male,1998/12/11
13,1753074,Nguyen Kim,Ngan,Female,1999/04/04
14,1753075,Huynh Doan Minh,Ngoc,Female,1999/05/18
15,1753076,Bui Khanh,Nguyen,Male,1999/05/27
16,1753077,Bui Minh,Nguyen,Male,1999/06/30
17,1753078,Nguyen Khoi,Nguyen,Male,1999/07/18
18,1753079,Nguyen Vo,Nhan,Male,1999/08/11
19,1753081,Tran Le Hong,Nhi,Female,1999/09/09
20,1753082,Ngo Van,Phat,Male,1999/09/12
21,1753083,Nguyen Hung,Phat,Male,1999/11/11
22,1753084,Vo Quang,Phu,Male,1999/10/10
23,1753085,Nguyen Cong,Phuc,Male,1999/12/31
24,1753086,Tong Le Thien,Phuc,Male,1999/01/01
25,1753087,Nguyen Tuan,Phung,Male,1999/02/02
26,1753089,Nguyen Ly Nhat,Phuong,Male,1999/03/05
27,1753090,Le Van,Pon,Male,1999/04/11
28,1753091,Vo Duy,Quan,Male,1999/05/09
29,1753093,Ho Bui Van,Quang,Male,1999/05/25
30,1753094,Vu Phung,Quang,Male,1999/08/28
31,1753095,Tang Nhan,Qui,Male,1999/09/19
32,1753096,Phung Thanh,Sang,Male,1999/02/22
33,1753134,Nguyen Ngoc Dang ,Khanh,Male,1999/01/11
34,1753135,Ly Thanh,Long,Male,1999/01/05
35,1753136,Tran Vinh ,Phuc,Male,1999/07/27
36,1753137,Le Minh ,Quan,Male,1999/02/13
