No,ID,Last name,First Name,Gender,Date of Birth
1,1753002,Huynh Minh,Chi,Male,1999/12/10
2,1753003,Nguyen Pham Quang,Dinh,Male,1999/11/18
3,1753021,Dinh Nguyen Hanh,Dung,Female,1999/11/02
4,1753024,Tran Quoc Truong,An,Male,1999/03/13
5,1753025,Truong Quoc,An,Male,1999/07/23
6,1753026,Vo Quoc,An,Male,1999/09/25
7,1753027,Le Dang Hoang,An,Male,1999/09/27
8,1753028,Nguyen Tran Tuan,Anh,Male,1999/01/28
9,1753030,Mai Thanh,Binh,Male,1999/01/19
10,1753031,Ngo Chi,Binh,Male,1999/03/31
11,1753032,Nguyen Tat,Binh,Male,1999/02/04
12,1753033,Trinh Thai,Binh,Male,1999/01/05
13,1753034,Nguyen Duy,Cuong,Male,1999/09/02
14,1753035,Nguyen Le,Cuong,Male,1999/11/19
15,1753036,Thai Chi,Cuong,Male,1999/12/18
16,1753037,Nguyen Phuc,Dang,Male,1998/02/17
17,1753038,Nguyen Trong,Dat,Male,1998/03/20
18,1753039,Phan Tuong Thien,Doan,Male,1999/04/21
19,1753041,Pham Vien,Du,Male,1999/10/29
20,1753042,Phan Viet,Duc,Male,1999/11/12
21,1753044,Dinh Le Trieu,Duong,Male,1999/12/09
22,1753045,Lu Anh,Duy,Male,1999/02/14
23,1753046,Nguyen Dang,Duy,Male,1999/03/15
24,1753047,Nguyen Quoc,Duy,Male,1999/05/08
25,1753048,Pham Khanh,Duy,Male,1999/02/07
26,1753049,Nguyen Trong,Hai,Male,1999/01/01
27,1753050,Tran Vinh,Hien,Male,1999/09/02
28,1753051,Ho Trung,Hieu,Male,1999/08/03
29,1753052,Pham Minh,Hieu,Male,1999/07/08
30,1753053,Phan Trong,Hieu,Male,1999/11/10
31,1753054,Lu Khanh,Hoang,Male,1999/11/23
32,1753055,Nguyen Huy,Hoang,Male,1999/12/15
33,1753057,Phu Vinh,Hung,Male,1999/12/12
34,1753058,Vo Tran Chi,Hung,Male,1999/02/18
35,1753059,Cao Hoang,Huy,Male,1999/03/17
36,1753062,Le Minh,Khang,Male,1999/11/09
37,1753138,Nguyen Ngoc Duc,Huy,Male,1999/02/10
