No,ID,Last name,First Name,Gender,Date of Birth
1,1753012,Nguyen Phi,Thang,Male,1999/07/22
2,1753014,Cao Trong,Tin,Male,1999/08/23
3,1753016,Nguyen Hoang Ngoc,Tran,Female,1999/11/30
4,1753017,Nguyen Huu,Tuan,Male,1999/02/28
5,1753020,Nguyen Duong,Tri,Male,1999/12/22
6,1753097,Le Nguyen Minh,Tam,Male,1999/09/02
7,1753098,Luong Minh,Tam,Male,1999/01/03
8,1753099,Nguyen Duy,Tan,Male,1999/02/25
9,1753101,Le Hong,Thai,Male,1999/03/11
10,1753102,Bui Quang,Thang,Male,1999/12/07
11,1753103,Ngo Viet,Thang,Male,1999/11/08
12,1753104,Tran Thuan,Thanh,Male,1999/10/11
13,1753105,Le Tan,Thinh,Male,1999/02/21
14,1753107,Nguyen Duc,Thong,Male,1999/03/05
15,1753109,Phung Tran Minh,Thuong,Female,1999/04/13
16,1753110,Nguyen Huu ,Tien,Male,1999/12/07
17,1753111,Nguyen Thi Hoang,Trang,Female,1999/10/17
18,1753113,Nguyen Trong,Triet,Male,1999/10/31
19,1753114,Nhan Minh,Triet,Male,1999/11/09
20,1753115,Ngo Thanh,Truc,Female,1999/07/22
21,1753116,Dang Duc,Trung,Male,1999/07/27
22,1753118,Nguyen Thanh,Truong,Male,1999/11/28
23,1753120,Pham Thanh,Tu,Male,1999/12/08
24,1753121,Le Huu Minh,Tuan,Male,1999/08/09
25,1753123,Pham Hoang Anh,Tuan,Male,1999/09/11
26,1753124,Nguyen Nhat,Tuong,Male,1999/06/17
27,1753125,Nguyen Quoc Ngoc,Tuong,Male,1999/07/22
28,1753126,Nguyen Ngoc Bich,Uyen,Female,1999/01/20
29,1753127,Cao Dinh,Vi,Male,1999/02/10
30,1753128,Le Quoc,Viet,Male,1999/02/11
31,1753129,Nguyen Hoang,Viet,Male,1999/03/23
32,1753130,Doan Trieu,Vinh,Male,1999/01/28
33,1753131,Nguyen Vuong Dat,Vu,Male,1999/04/02
34,1753132,Vo Khanh,Vy,Female,1999/05/01
35,1753133,Mai Bao ,Tran,Female,1999/05/15
36,1753139,Truong Tran Hai,Yen,Female,1999/11/11
