No,ID,Last name,First Name,Gender,Date of Birth
1,1751003,Tran Minh,An,Male,1999/02/04
2,1751006,Nguyen Dinh Quang,Anh,Male,1999/03/16
3,1751009,Nguyen Phu Trung,Anh,Male,1999/06/05
4,1751012,Pham Hoang Nam,Anh,Male,1999/09/26
5,1751015,Pham Tuan,Anh,Male,1999/11/05
6,1751018,Tran Duc,Anh,Male,1999/12/04
7,1751021,Ksor,Au,Male,1999/05/08
8,1751024,Vu Xuan,Bac,Male,1999/02/01
9,1751027,Nguyen Chieu,Ban,Male,1999/08/29
10,1751030,Le Trong,Bang,Male,1999/02/01
11,1751033,Dang Le,Bao,Male,1998/09/05
12,1751036,Nguyen Quoc,Bao,Male,1999/02/22
13,1751039,Ly Han,Dong,Male,1999/06/18
14,1751042,Bui Huu,Duc,Male,1999/03/23
15,1751045,Huynh Thanh,Duc,Male,1999/03/04
16,1751047,Nguyen Tran Nhat,Minh,Male,1999/11/10
17,1751050,Pham Nhat,Minh,Male,1999/05/26
18,1751053,Pham Tong Binh,Minh,Male,1999/08/11
19,1751057,Nguyen Dinh,Son,Male,1999/05/19
20,1751060,Nguyen Hoang Cao,Son,Male,1999/09/24
21,1751063,Dao Phuoc,Thanh,Male,1999/01/23
22,1751066,Long Van,Thuyen,Male,1998/11/23
23,1751069,Ho Minh,Tri,Male,1999/12/06
24,1751072,Nguyen Hoang Minh,Tri,Male,1999/03/31
25,1751075,Tran Minh,Tri,Male,1998/12/31
26,1751078,Trang Thanh,Truc,Female,1999/03/21
27,1751081,Mai Ngoc,Tu,Male,1999/06/09
28,1751084,Nguyen Huy,Tu,Male,1999/08/04
29,1751087,Gia Van,Tuan,Male,1999/11/23
30,1751090,Vu Le,Tuan,Male,1999/02/16
31,1751093,Tran Thanh,Tung,Male,1999/07/30
32,1751096,Le Hoang Mong,Tuyen,Female,1999/01/15
33,1751099,Nguyen Gia,Vi,Male,1999/12/25
34,1751102,Pham Hoang,Viet,Male,1999/08/03
35,1751105,Tran Nhat,Viet,Male,1999/11/09
36,1751108,Nguyen Quang,Vinh,Male,1999/12/17
37,1751111,Nguyen Duy,Vu,Male,1999/07/18
38,1751114,Nguyen Thi Minh,Vuong,Female,1999/06/16
