No,ID,Last name,First Name,Gender,Date of Birth
1,1751001,Dinh Van,An,Male,1999/08/05
2,1751004,Nguyen Van Hoang,An,Male,1999/09/20
3,1751007,Pham Hoang,An,Male,1999/02/08
4,1751010,Nguyen Duong,Binl,Male,1999/04/09
5,1751013,Vong Canh,Chi,Male,1999/05/20
6,1751016,Le Vo Huu,Chinh,Male,1998/06/20
7,1751019,Nguyen Minh,Luan,Male,1999/12/25
8,1751022,Dinh Hoang,Minh,Male,1999/01/12
9,1751025,Vo The,Minh,Male,1999/11/16
10,1751028,Huynh Long,Nam,Male,1999/11/01
11,1751031,Vo Dai,Nam,Male,1999/04/13
12,1751034,Le Ngoc Bao,Ngan,Female,1999/11/20
13,1751037,Vu Yen,Ngoc,Female,1999/10/21
14,1751040,Mai Huynh Trung,Nguyen,Male,1999/03/08
15,1751043,Nguyen Tran Ai,Nguyen,Female,1999/05/05
16,1751046,Nguyen Trung,Nhan,Male,1999/11/06
17,1751049,Dang Do Huynh,Nhu,Female,1999/03/23
18,1751052,Nguyen Dien Thanh,Phong,Male,1999/01/06
19,1751055,Do Tuong Hoang,Phu,Male,1999/02/14
20,1751058,Nguyen Ha Dai Thien,Phu,Male,1999/06/02
21,1751061,Tran Thanh,Phuc,Male,1999/02/08
22,1751064,Nguyen Van,Phuoc,Male,1998/03/15
23,1751067,Pham Van Minh,Phuong,Male,1999/12/21
24,1751070,Huynh Nhut,Quang,Male,1999/06/21
25,1751073,Nguyen Vinh,Quang,Male,1999/01/12
26,1751076,Tran Thanh,Quang,Male,1999/10/30
27,1751082,Tran Xuan,Quy,Male,1999/04/25
28,1751085,Dang Duy,Son,Male,1999/04/01
29,1751088,Nguyen Thiet,Su,Male,1999/11/10
30,1751091,Doan Minh,Tan,Male,1999/01/14
31,1751094,Tran Chi,Thai,Male,1999/01/02
32,1751097,Bach Tang,Thang,Male,1999/01/01
33,1751100,Le Duc,Thanh,Male,1999/10/31
34,1751103,Phan Thi Thanh,Thao,Female,1999/05/06
35,1751106,Tran Quoc,Thinh,Male,1999/06/11
36,1751109,Vo Duong,Thuan,Male,1999/09/11
37,1751112,Huynh Ho Thanh,Tra,Male,1999/07/18
38,1751115,Nguyen Thi Ngoc,Tram,Female,1999/09/16
39,1751118,Pham Ho Ngoc,Tram,Female,1999/11/23
40,1751121,Nguyen Hanh,Tran,Female,1999/01/29
