No,ID,Last name,First Name,Gender,Date of Birth
1,1752002,Huynh Gia,Bao,Male,1999/10/19
2,1752003,Nguyen Vi Tieu,Bao,Male,1999/02/17
3,1752004,Vuong Gia,Bao,Male,1999/01/12
4,1752005,Bui Van Ngoc,Chi,Male,1999/01/03
5,1752006,Dao Thanh,Dat,Male,1999/11/30
6,1752007,Tran Duy,Dat,Male,1999/04/13
7,1752008,Lam Hoang,Duc,Male,1999/01/26
8,1752009,Nguyen Hoang,Duc,Male,1999/08/06
9,1752010,Nguyen Hoang,Dung,Male,1999/12/19
10,1752011,Phan Thai,Duong,Male,1998/11/22
11,1752012,Tran Quang,Duy,Male,1999/12/04
12,1752013,Nguyen Huy,Hai,Male,1999/03/18
13,1752014,Phan Gia,Han,Female,1999/06/22
14,1752015,Nguyen Thi Thu,Hang,Female,1999/01/31
15,1752016,Bui Tran Hai,Hau,Male,1999/11/26
16,1752017,Doan Nguyen Tan,Hung,Male,1999/09/08
17,1752018,Phan Dinh,Huy,Male,1999/09/05
18,1752019,Tran Minh,Huy,Male,1999/04/28
19,1752020,Nguyen Hoang,Khang,Male,1999/02/20
20,1752021,Nguyen Dang,Khoa,Male,1999/05/16
21,1752022,Nguyen Dinh,Khoi,Male,1999/06/27
22,1752023,Pham Minh,Khoi,Male,1999/02/17
23,1752024,Ngo Xuan,Kien,Male,1999/01/28
24,1752025,Duong Anh,Kiet,Male,1999/12/13
25,1752026,Nguyen Duy Thien,Kim,Female,1999/09/02
26,1752027,Nguyen Minh,Ky,Male,1999/03/13
27,1752028,Khuu Thuy,Ky,Male,1999/11/07
28,1752029,Duong Tran Truc,Lam,Female,1999/08/23
29,1752030,Nguyen Hoang,Lan,Male,1999/10/09
30,1752031,Le Hanh,Linh,Female,1999/03/03
31,1752032,Nguyen Thanh,Loc,Male,1999/11/18
32,1752033,Nguyen Xuan,Mai,Female,1999/10/12
33,1752034,Pham Cong,Minh,Male,1999/01/03
34,1752035,Pham Ngoc,Minh,Male,1999/08/21
35,1752036,Le Nhut,Nam,Male,1999/08/29
36,1752037,Nguyen Hoang,Nam,Male,1999/02/12
