No,Course ID,Course Name,Class,Lecturer Account,Start Date,End Date,Day of Week,Start Time, End Time,Room
1,CTT301,Automata and formal language,16VP,ntmtuyen,2018/10/01,2018/12/29,Monday Wednesday,9:30 9:30,11:30 11:30,F201 I24
2,NNA103,English 3,16VP,ntmphuong,2018/10/01,2018/12/29,Monday,13:30,17:30,F201
3,NNP014,French literature 4B,16VP,ntlanh,2018/10/01,2018/12/29,Tuesday Thursday,13:30 13:30,17:30 17:30,I41 F202
4,CTT308,Introduction to Analysis of Algorithmic Complexity,16VP,ncduc,2018/10/01,2018/12/29,Wednesday,13:30,17:30,F201
5,CTT331,Logic programming,16VP,ntmtuyen,2018/10/01,2018/12/29,Thursday,7:30,11:30,F202
6,NNP012,French literature 2B,17VP,ntlanh,2018/10/01,2018/12/29,Tuesday Thursday,7:30 7:30,11:30 11:30,I23 I24
7,XHH001,General Psychology,17VP,ktdung,2018/10/01,2018/12/29,Tuesday,13:30,17:30,I71
8,CTT101,Data Structures and Algorithms,17VP,vcnam,2018/10/01,2018/12/29,Wednesday,7:30,11:30,I23
9,CTT102,Database,17VP,tlvinh,2018/10/01,2018/12/29,Wednesday,13:30,17:30,B11B
10,TTH043,Probability and Statistics,17VP,dnthanh,2018/10/01,2018/12/29,Thursday,13:30,17:30,B40
11,DTV001,Basic Electronics,17VP,txtan,2018/10/01,2018/12/29,Friday,13:30,17:30,B11A
12,DTV091,Basic Electronics Lab,17VP,hatuan,2018/10/27,2018/12/29,Saturday,7:30,11:30,Unknown
13,TTH026,Analysis B1,18VP,nttvan,2018/09/04,2018/11/24,Monday,7:30,11:30,B11B
14,CTT009,Introduction to Information Technology I,18VP,lnthanh,2018/09/04,2018/11/24,Monday,13:30,17:30,I71
15,NNP011,French literature 1A,18VP,nthhoa,2018/09/04,2018/11/24,Tuesday Thursday,7:30 13:30,11:30 17:30,I71 I71
16,TTH063,Discrete Mathematics,18VP,lvhop,2018/09/04,2018/11/24,Tuesday Friday,13:30 15:30,17:30 17:30,B11B B11B
17,CTT003,Introduction to Programming,18VP,vqhoang,2018/09/04,2018/11/24,Wednesday Friday,9:30 13:30,11:30 15:30,B11B B11B
