No,Course ID,Course Name,Class,Lecturer Account,Start Date,End Date,Day of Week,Start Time, End Time,Room
2,CTT528,Web Applications Development,16CLC1,ttbhanh,2019/01/07,2019/03/05,Monday Thursday,7:30 7:30,9:30 9:30,I71
3,CTT305,Data Mining and Applications,16CLC1,nnthao,2019/01/07,2019/03/05,Monday Tuesday,9:30 9:30,11:30 11:30,F203
4,CTT204,Information Systems Analysis and Design,16CLC1,ntmthu,2019/01/07,2019/03/05,Monday,13:30,17:30,F203
5,CTT504,Software Analysis and Design,16CLC1,tvquy,2019/01/07,2019/03/05,Tuesday Friday,7:30 7:30,9:30 9:30,F203
6,Japanese,Japanese,16CLC1,nthchau,2019/01/07,2019/03/05,Wednesday Friday,13:30 13:30,17:30 17:30,B11B
7,CTT404,Cryptology 1,16CLC1,ndthuc,2019/01/07,2019/03/05,Thursday,13:30,17:30,B11B
8,CTT528,Web Applications Development,16CLC2,tdquang,2019/01/07,2019/03/05,Monday Thursday,9:30 9:30,11:30 11:30,I71
9,CTT504,Software Analysis and Design,16CLC2,tvquy,2019/01/07,2019/03/05,Tuesday Friday,9:30 9:30,11:30 11:30,F203
10,CTT305,Data Mining and Applications,16CLC2,lhbac,2019/01/07,2019/03/05,Tuesday,13:30,17:30,B11A
11,Japanese,Japanese,16CLC2,nthchau,2019/01/07,2019/03/05,Wednesday Friday,13:30 13:30,17:30 17:30,B11B
12,CTT404,Cryptology 1,16CLC2,ndthuc,2019/01/07,2019/03/05,Thursday,13:30,17:30,B11B
13,CTT204,Information Systems Analysis and Design,16CLC2,lnhnam,2019/01/07,2019/03/05,Saturday,7:30,11:30,I23
14,TCH001,Physical Education I,17CLC1,nvhung,2019/01/07,2019/03/05,Tuesday,7:30,11:30,NULL
15,CTT105,Network Computer,17CLC1,dhcuong,2019/01/07,2019/03/05,Wednesday Friday,15:30 9:30,17:30 11:30,I44
16,PLD001,Introduction to laws?,17CLC1,dktnguyen,2019/01/07,2019/03/05,Thursday,7:30,11:30,I44
17,CTH002,Revolution Directions of the Vietnam Communist Party,17CLC1,nqdinh,2019/01/07,2019/03/05,Thursday,13:30,17:30,I23
18,CTT103,Operating System,17CLC1,ptson,2019/01/07,2019/03/05,Saturday,7:30,11:30,B44
19,CTH002,Revolution Directions of the Vietnam Communist Party,17CLC2,ntklien,2019/01/07,2019/03/05,Monday,13:30,17:30,I44
20,CTT105,Network Computer,17CLC2,lgthanh,2019/01/07,2019/03/05,Tuesday Friday,7:30 7:30,9:30 9:30,I23
21,PLD001,Introduction to laws?,17CLC2,dctrang,2019/01/07,2019/03/05,Tuesday,13:30,17:30,I32
22,CTT103,Operating System,17CLC2,lqhoa,2019/01/07,2019/03/05,Wednesday,7:30,11:30,B44
23,TCH001,Physical Education I,17CLC2,nvthai,2019/01/07,2019/03/05,Saturday,7:30,11:30,NULL
24,CTT103,Operating System,17CLC3,lqhoa,2019/01/07,2019/03/05,Monday,7:30,11:30,I23
25,TCH001,Physical Education I,17CLC3,ltlhang,2019/01/07,2019/03/05,Tuesday,7:30,11:30,NULL
26,CTT105,Network Computer,17CLC3,lnson,2019/01/07,2019/03/05,Wednesday,7:30,11:30,B11A
27,CTH002,Revolution Directions of the Vietnam Communist Party,17CLC3,ntklien,2019/01/07,2019/03/05,Wednesday,13:30,17:30,I23
28,PLD001,Introduction to laws?,17CLC3,lmsang,2019/01/07,2019/03/05,Friday,7:30,11:30,B40
29,CTH001,Basic principles of Marxism and Leninism,18CLC1,nqhuy,2019/01/07,2019/03/05,Wednesday,7:30,11:30,B44
30,CTT010,Introduction to IT 2,18CLC1,ltnhan,2019/01/07,2019/03/05,Tuesday Thursday,13:30 13:30,15:30 15:30,I41
31,CTT008,Programming Techniques,18CLC1,nmhuy,2019/01/07,2019/03/05,Wednesday,13:30,17:30,B44
32,TTH026,Calculus B1,18CLC1,nttvan,2019/01/07,2019/03/05,Friday,7:30,11:30,F111
33,KTH001,Introduction to Econimics,18CLC1,nttrong,2019/01/07,2019/03/05,Saturday,13:30,17:30,F203
34,CTH001,Basic principles of Marxism and Leninism,18CLC2,nqhuy,2019/01/07,2019/03/05,Monday,7:30,11:30,B11A
35,CTT008,Programming Techniques,18CLC2,nmhuy,2019/01/07,2019/03/05,Tuesday,13:30,17:30,B40
36,CTT010,Introduction to IT 2,18CLC2,ttson,2019/01/07,2019/03/05,Wednesday,7:30,11:30,I23
37,KTH001,Introduction to Econimics,18CLC2,pxkien,2019/01/07,2019/03/05,Friday,7:30,11:30,I41
38,TTH026,Calculus B1,18CLC2,nttvan,2019/01/07,2019/03/05,Saturday,7:30,11:30,I42
39,CTT008,Programming Techniques,18CLC3,dbtien,2019/01/07,2019/03/05,Monday Friday,7:30 7:30,11:30 11:30,F203
40,TTH026,Calculus B1,18CLC3,lkha,2019/01/07,2019/03/05,Monday Friday,13:30 13:30,17:30 17:30,B11A
41,KTH001,Introduction to Econimics,18CLC3,hnchuong,2019/01/07,2019/03/05,Wednesday,13:30,17:30,B11A
42,CTT010,Introduction to IT 2,18CLC3,lnhnam,2019/01/07,2019/03/05,Thursday,13:30,17:30,I32
43,CTH001,Basic principles of Marxism and Leninism,18CLC3,ntphuong,2019/01/07,2019/03/05,Saturday,13:30,17:30,B11A
44,CTT008,Programming Techniques,18CLC4,dbtien,2019/01/07,2019/03/05,Friday Saturday,7:30 13:30,9:30 15:30,B44
45,CTT010,Introduction to IT 2,18CLC4,lnthanh,2019/01/07,2019/03/05,Monday,13:30,17:30,I41
46,TTH026,Calculus B1,18CLC4,lkha,2019/01/07,2019/03/05,Monday Friday,9:30 9:30,11:30 11:30,I42
47,KTH001,Introduction to Econimics,18CLC4,hnchuong,2019/01/07,2019/03/05,Thursday,13:30,17:30,F203
48,CTH001,Basic principles of Marxism and Leninism,18CLC4,ntphuong,2019/01/07,2019/03/05,Wednesday,7:30,11:30,I41
49,CTT008,Programming Techniques,18CLC5,ntphuong,2019/01/07,2019/03/05,Wednesday Thursday,9:30 9:30,11:30 11:30,F203
50,CTT010,Introduction to IT 2,18CLC5,lnhnam,2019/01/07,2019/03/05,Saturday,13:30,17:30,I32
51,TTH026,Calculus B1,18CLC5,nttrung,2019/01/07,2019/03/05,Friday Saturday,9:30 7:30,11:30 9:30,I44
52,KTH001,Introduction to Econimics,18CLC5,htlna,2019/01/07,2019/03/05,Thursday,13:30,17:30,I24
53,CTH001,Basic principles of Marxism and Leninism,18CLC5,lvtlam,2019/01/07,2019/03/05,Wednesday Saturday,13:30 9:30,15:30 11:30,F203
54,CTT008,Programming Techniques,18CLC6,nhminh,2019/01/07,2019/03/05,Wednesday,7:30,11:30,I33
55,CTT010,Introduction to IT 2,18CLC6,ltnhan,2019/01/07,2019/03/05,Tuesday Thursday,15:30 15:30,17:30 17:30,I41
56,TTH026,Calculus B1,18CLC6,nttrung,2019/01/07,2019/03/05,Monday Saturday,7:30 9:30,9:30 11:30,I44
57,KTH001,Introduction to Econimics,18CLC6,htlna,2019/01/07,2019/03/05,Thursday,7:30,11:30,B11A
58,CTH001,Basic principles of Marxism and Leninism,18CLC6,lvtlam,2019/01/07,2019/03/05,Saturday,13:30,17:30,I42
