No,Course ID,Course Name,Class,Lecturer Account,Start Date,End Date,Day of Week,Start Time, End Time,Room
1,NNP014,French literature 4B,16VP,ltnghia,2019/01/07,2019/04/27,Tuesday Thursday,13:30 13:30,17:30 17:30,B11B F202
2,CTH001,Fundamental principles of Marxism and Leninism,16VP,nnthu,2019/01/07,2019/04/27,Thursday,7:30,11:30,I23
3,CTT328,Statistical analysis of multiple variables data,16VP,ntmngoc,2019/01/07,2019/04/27,Thursday,13:30,17:30,F202
4,CTT623,Thematic Linux operating system,16VP,ntmtuyen,2019/01/07,2019/04/27,Friday,7:30,11:30,F202
5,NNA001,English 1,17VP,ntmphuong,2019/01/07,2019/04/27,Monday,7:30,11:30,B44
6,NNP013,French literature 3A,17VP,ltnghia,2019/01/07,2019/04/27,Monday Thursday,13:30 13:30,17:30 17:30,I32 B11A
7,TTH003,Linear Algebra,17VP,lvhop,2019/01/07,2019/04/27,Tuesday,13:30,17:30,I23
8,CTT103,Operating System,17VP,thnhi,2019/02/25,2019/03/23,Wednesday Thursday,7:30 7:30,11:30 11:30,Unknown Unknown
9,CTT005,Graph Theory,17VP,tdthu,2019/01/07,2019/04/27,Wednesday,13:30,17:30,I41
10,CTT006,Object Oriented Programming,17VP,nmhuy,2019/01/07,2019/04/27,Friday,13:30,17:30,I71
11,CTT011,Basics of Japanese Business Culture,18VP,vqhoang,2019/01/07,2019/04/27,Monday Friday,9:30 7:30,11:30 9:30,I32 I33
12,NNP011,French literature 1B,18VP,nthhoa,2019/01/07,2019/04/27,Tuesday Thursday,7:30 13:30,11:30 17:30,I71 I71
13,CTT123,Communication Management,18VP,dttha,2019/01/07,2019/04/27,Tuesday,13:30,17:30,I71
14,CTH001,Fundamental principles of Marxism and Leninism,18VP,nnthu,2019/01/07,2019/04/27,Thursday,7:30,11:30,I23
15,DTV001,Basic Electronics,18VP,txtan,2019/01/07,2019/04/27,Friday,13:30,17:30,B11A
16,TCH001,Physical Education I,18VP,nvhung,2019/01/07,2019/04/27,Saturday,7:30,11:30,Unknown
17,DTV091,Basic Electronics Lab,18VP,hatuan,2019/02/25,2019/04/27,Saturday,13:30,17:30,I23
