No,ID,Last name,First name,Gender,Date of Birth
1,18127065,Pham Thi Hong,Anh,Female,2000/02/15
2,18127066,Tran Minh,Anh,Female,2000/07/27
3,18127070,Tran Dai,Chi,Male,2000/10/19
4,18127073,Phan Quang,Dai,Male,2000/05/22
5,18127074,Tran Hai,Dang,Male,2000/03/17
6,18127078,Phan Tan,Dat,Male,2000/10/18
7,18127093,Phan Hoang,Duy,Male,2000/05/22
8,18127094,Trinh Quang,Ha,Male,2000/03/07
9,18127109,Thai Hoang,Huy,Male,2000/03/15
10,18127110,Tran Dinh,Huy,Male,2000/09/13
11,18127111,Tran Quoc,Huy,Male,2000/10/26
12,18127130,Tran Phuoc,Loc,Male,2000/05/13
13,18127131,Tran Xuan,Loc,Male,2000/09/16
14,18127139,Tang Truong,Long,Male,2000/06/14
15,18127140,Thai Hoang,Long,Male,2000/10/26
16,18127141,Tran Phi,Long,Male,2000/05/01
17,18127142,Trinh Hoang,Long,Male,2000/02/10
18,18127143,Trinh Thanh,Long,Male,2000/02/10
19,18127147,Tran Quang,Luc,Male,2000/01/01
20,18127148,Thai Quynh,Mai,Female,2000/01/03
21,18127153,Phan Nhat,Minh,Male,2000/01/24
22,18127168,Tran Bui Tai,Nhan,Male,2000/02/10
23,18127169,Tran Dinh Minh,Nhan,Male,2000/01/13
24,18127176,To Dong,Phat,Male,2000/04/03
25,18127177,Tran Dinh,Phat,Male,2000/11/06
26,18127183,Tran Bao,Phuc,Male,2000/08/22
27,18127186,Tran Dinh,Phuoc,Male,2000/12/04
28,18127188,Tran Thi The,Phuong,Female,2000/02/03
29,18127192,Tran Minh,Quang,Male,1999/06/12
30,18127204,Thai Nhat,Tan,Male,2000/07/01
31,18127215,Quach Phu,Thanh,Male,2000/02/18
32,18127216,Tan Tuan,Thanh,Male,2000/08/25
33,18127217,Trinh Minh,Thanh,Male,2000/12/28
34,18127234,Tran Ngoc Bao,Tran,Female,2000/01/14
35,18127238,Phong Minh,Tri,Male,2000/10/25
36,18127247,Tran Thanh,Tuan,Male,2000/02/20
37,18127257,Tran Huy,Vu,Male,2000/11/10
38,18127264,Tran Ha,Long,Male,2000/05/06
