No,ID,Last name,First Name,Gender,Date of Birth
1,18127057,Nguyen Tien,An,Male,1999/12/31
2,18127058,Nguyen Trinh,An,Male,2000/02/19
3,18127059,Nguyen Trung,An,Male,2000/01/08
4,18127061,Nguyen Hoang,An,Male,2000/10/09
5,18127064,Pham Duc,Anh,Male,1999/08/16
6,18127077,Nguyen Thanh,Dat,Male,1997/03/05
7,18127081,Nguyen Minh,Duc,Male,2000/07/08
8,18127096,Nguyen Tan,Hao,Male,2000/10/12
9,18127102,Nguyen Van,Hoang,Male,2000/03/28
10,18127104,Nguyen Tat,Hung,Male,2000/07/02
11,18127108,Pham Gia,Huy,Male,2000/01/05
12,18127122,Nguyen Tran Duy,Khuong,Male,2000/11/06
13,18127123,Nguyen Trung,Kien,Male,2000/07/29
14,18127127,Nguyen Thi Thuy,Linh,Female,1999/12/22
15,18127129,Nguyen Tan,Loc,Male,2000/04/13
16,18127150,Au Hong,Minh,Male,2000/11/20
17,18127152,Nguyen Nhu Quang,Minh,Male,2000/09/02
18,18127160,Nguyen Le Hoang,Nam,Male,2000/05/21
19,18127163,On Hao,Nguyen,Male,2000/04/24
20,18127166,Nguyen,Nhan,Male,2000/02/16
21,18127174,Nguyen Quang,Phap,Male,2000/08/05
22,18127178,Pham Hung,Phi,Male,2000/03/02
23,18127181,Nguyen,Phuc,Male,2000/01/22
24,18127182,Nguyen Thi Tam,Phuc,Female,2000/08/21
25,18127191,Nguyen Minh,Quang,Male,2000/06/15
26,18127201,Pham Tan,Su,Male,2000/01/15
27,18127203,Nguyen Le Quoc,Tai,Male,2000/04/02
28,18127205,Nguyen Phuc,Tan,Male,2000/01/14
29,18127210,Nguyen Quy,Thanh,Male,2000/10/15
30,18127214,Nguyen Ha,Thanh,Male,2000/12/07
31,18127220,Nguyen Nhat,Thao,Male,2000/06/16
32,18127222,Nguyen Tan,Thien,Male,2000/10/22
33,18127224,Pham Quang,Thinh,Male,2000/08/05
34,18127239,Nguyen Quy,Trien,Male,2000/12/10
35,18127243,Nguyen Hoang Anh,Tu,Male,2000/02/09
36,18127249,Nguyen Van Phi,Tuyen,Male,2000/09/03
37,18127253,Nguyen Pham Truong,Vinh,Male,2000/06/02
38,18127258,Nguyen Pham Thanh,Vy,Female,2000/10/26
