No,ID,Last name,First Name,Gender,Date of Birth
1,18127019,Le Uyen,Nhi,Female,2000/05/10
2,18127020,Tran Thi Quynh,Nhu,Female,2000/06/18
3,18127021,Ly Vinh,Sang,Male,2000/01/26
4,18127022,Pham Ngoc Thuy,Trang,Female,2000/10/26
5,18127037,Phan Ngoc Thien,An,Female,2000/11/20
6,18127039,Lam Ngoc Phuong,Anh,Female,2000/09/21
7,18127040,Le Quang,Anh,Male,2000/03/28
8,18127041,Le Thanh,Binh,Male,2000/09/03
9,18127042,Le Phuong,Dao,Female,2000/06/25
10,18127044,Nguyen Gia,Hung,Male,2000/01/02
11,18127046,Lu Ngoc,Lien,Female,2000/05/31
12,18127047,Le Hoang,Long,Male,2000/07/26
13,18127051,Nguyen Thanh,Phong,Male,2000/02/18
14,18127053,Ngo Thi Thanh,Thao,Female,2000/01/14
15,18127054,Le Nguyen,Thinh,Male,2000/10/10
16,18127055,Hoang Nguyen,Truc,Female,2000/05/25
17,18127056,Pham Xuan,Tu,Male,2000/04/12
18,18127060,Vu Hoang,An,Male,2000/12/25
19,18127069,Vo Minh,Chau,Male,2000/06/18
20,18127100,Vo Chi,Hieu,Male,2000/03/08
21,18127113,Vo Van Quoc,Huy,Male,2000/03/23
22,18127117,Truong Phuc,Khang,Male,2000/01/22
23,18127120,Truong Bao,Khiem,Male,2000/01/13
24,18127144,Vo Hong,Long,Male,2000/02/24
25,18127145,Vu Thanh,Long,Male,2000/05/05
26,18127154,Vo Ngoc,Minh,Male,2000/09/23
27,18127155,Vu Cong,Minh,Male,2000/10/13
28,18127184,Truong Hoang,Phuc,Male,2000/01/04
29,18127194,Vu Dinh,Quy,Male,2000/07/23
30,18127206,Trinh Van,Tan,Male,2000/03/05
31,18127218,Vu Cong,Thanh,Male,2000/01/29
32,18127225,Vang Phuc,Thinh,Male,2000/08/18
33,18127248,Vo Tran Quang,Tuan,Male,2000/10/26
34,18127255,Tu Kien,Vinh,Male,2000/10/17
35,18127260,Tu Kien,Hoa,Male,2000/10/17
36,18127261,Nguyen Cong Anh,Khoa,Male,2000/08/11
37,18127266,Tran Quynh,Nhu,Female,2000/07/24
38,18127271,Le Minh Thanh,Tu,Male,2000/02/04
