No,ID,Last name,First Name,Gender,Date of Birth
1,18127001,Pham Ky,Anh,Male,2000/08/04
2,18127002,Ngo Minh Thien,Bao,Male,2000/10/23
3,18127003,Tran Hai,Dang,Male,2000/06/15
4,18127004,Nguyen Vu Thu,Hien,Female,2000/12/07
5,18127005,Tran Thu,Hien,Female,2000/09/01
6,18127006,Ho Nguyen Huy,Hoang,Male,2000/08/10
7,18127007,Kieu Son,Hoang,Male,2000/10/10
8,18127008,Le Manh,Hoang,Male,2000/09/10
9,18127010,Nguyen Trung,Kien,Male,2000/11/20
10,18127011,Dang Minh Hoang,Long,Male,2000/09/23
11,18127014,Huynh Nhat,Nam,Male,2000/06/30
12,18127016,Nguyen Thanh Minh,Nguyet,Female,2000/11/07
13,18127017,Nguyen Hoang,Nhan,Male,2000/05/11
14,18127027,Tran Minh,Duc,Male,2000/11/29
15,18127029,Do Manh,Hung,Male,2000/08/19
16,18127030,Nguyen Hoang Minh,Khoi,Male,2000/11/11
17,18127072,Huynh Lam Hoang,Dai,Male,2000/05/05
18,18127079,Do Huu,Duc,Male,2000/04/22
19,18127092,Pham Vu,Duy,Male,2000/01/31
20,18127095,Nguyen Minh,Hai,Male,2000/04/03
21,18127098,Le Thanh,Hieu,Male,2000/10/19
22,18127099,Nguyen Duc,Hieu,Male,2000/12/26
23,18127118,Mai Dang,Khanh,Male,2000/09/30
24,18127136,Nguyen Dang Huynh,Long,Male,2000/11/26
25,18127202,Dinh Le Trong,Tai,Male,2000/12/11
26,18127208,Ngo Thanh Phuong,Thai,Male,2000/08/14
27,18127223,Nguyen Phuc,Thinh,Male,2000/01/13
28,18127226,Bui Thi Anh,Thu,Female,2000/07/19
29,18127236,Ho Dai,Tri,Male,2000/08/26
30,18127242,Nguyen Duc,Trung,Male,2000/12/29
31,18127246,Tran Quoc,Tuan,Male,2000/01/01
32,18127259,Kieu Cong,Hau,Male,2000/12/18
33,18127262,Huynh Phan Anh,Kiet,Male,2000/11/08
34,18127263,Dinh Phi,Long,Male,2000/04/16
35,18127265,Nguyen Hoang,Minh,Male,2000/12/28
36,18127267,Tran Dinh,Sang,Male,2000/01/02
37,18127268,Tran Thanh,Tam,Male,2000/04/28
38,18127269,Nguyen Thai,Tan,Male,2000/01/12
