No,ID,Last name,First Name,Gender,Date of Birth
1,18127068,Bui Nguyen Minh,Chau,Female,2000-07-11
2,18127080,Kieu Vu Minh,Duc,Male,2000-03-05
3,18127082,Dang Thi Kim,Dung,Female,2000-12-24
4,18127084,Dinh Hoang,Duong,Male,2000-05-24
5,18127087,Duong Tran Man,Duy,Male,2000-06-02
6,18127088,Le Cao,Duy,Male,2000-08-06
8,18127101,Dao Le Viet,Hoang,Male,2000-02-28
9,18127103,Cao Gia,Hung,Male,2000-01-25
10,18127105,Do Quoc,Huy,Male,2000-02-17
11,18127106,Huynh Nguyen Nhat Quang,Huy,Male,2000-05-19
12,18127124,Hoang Xuan,Kiet,Male,2000-06-11
13,18127126,Huynh Duc,Le,Male,2000-01-18
14,18127132,Bui Thanh,Long,Male,2000-05-24
15,18127133,La Hoang,Long,Male,2000-11-13
16,18127146,Khuu Vi,Luan,Male,2000-04-09
17,18127149,Hua Minh,Man,Male,2000-11-15
18,18127151,Ho,Minh,Male,2000-07-04
19,18127164,Huynh Thien,Nhan,Male,2000-09-19
20,18127170,Duong Trung,Nhat,Male,1996-03-03
21,18127172,Dang Nguyen Quynh,Nhu,Female,2000-05-01
22,18127175,Duong Tan,Phat,Male,2000-11-01
23,18127185,Bui Vu Hieu,Phung,Female,2000-01-09
24,18127187,Duong Ngoc Nguyen,Phuong,Female,2000-10-22
25,18127189,Do Duc,Quang,Male,2000-06-09
26,18127193,Ho Pham Nam,Quoc,Male,2000-10-09
27,18127195,Hy Phu,Quyen,Male,2000-04-15
28,18127196,Cao Nguyen An,Son,Male,2000-11-23
29,18127197,Dang Khanh,Son,Male,2000-07-16
31,18127209,Ha Minh,Thanh,Male,2000-10-14
32,18127221,Bui Van,Thien,Male,2000-06-30
33,18127231,Doan Dinh,Toan,Male,2000-11-26
34,18127244,Bui Ta Duc,Tuan,Male,2000-06-15
35,18127251,Ho Huu,Vien,Male,2000-03-03
37,18127273,Nguyen Nhat,Toan,Male,2000-04-09
