No,ID,Last name,First Name,Gender,Date of Birth
1,18125002,Nguyen Tien,Anh,Male,2000/01/06
2,18125003,Nguyen Minh,Cuong,Male,2000/12/29
3,18125005,Luu Quoc,Doan,Male,2000/01/06
4,18125015,Mai Hoang,Nhi,Female,2000/06/01
5,18125025,Nguyen Manh,Thien,Male,2000/01/31
6,18125032,Nguyen Thi Bich,Van,Female,2000/10/28
7,18125033,Nguyen Minh,Chau,Male,2000/10/30
8,18125035,Nguyen Thanh,Dat,Male,2000/03/31
9,18125037,Nguyen Ngoc Anh,Khoa,Male,2000/01/31
10,18125040,Nguyen Le,Minh,Male,2000/09/08
11,18125041,Nguyen Thanh,Nhan,Male,2000/01/14
12,18125045,Nguyen The,Vinh,Male,2000/03/22
13,18125046,Nguyen E,Ro,Male,2000/05/19
14,18125050,Nguyen Phan Nhat,Hoang,Male,2000/02/11
15,18125051,Nguyen Cong,Nam,Male,2000/01/08
16,18125064,Nguyen Gia,Bao,Male,2000/01/20
17,18125086,Nguyen Huu,Khang,Male,2000/10/25
18,18125088,Nguyen Le Thanh,Khiet,Male,2000/01/02
19,18125090,Ngo Minh,Khoi,Male,2000/09/11
20,18125091,Nguyen Minh,Khue,Female,2000/03/25
21,18125094,Luu Hoang,Long,Male,2000/03/08
22,18125095,Nguyen Bao Hai,Long,Male,2000/06/20
23,18125096,Nguyen Hoang,Long,Male,2000/04/11
24,18125100,Nguyen Hoang Bao,Minh,Male,1998/09/10
25,18125102,Nguyen Hong,Ngoc,Female,2000/04/06
26,18125104,Ly Ngoc,Nhi,Female,2000/06/16
27,18125106,Nguyen Thao,Ninh,Female,2000/11/09
28,18125109,Nguyen Thanh,Phung,Male,1999/04/19
29,18125113,Ngo Duc,Thinh,Male,2000/12/29
30,18125124,Nguyen Ky,Anh,Male,2000/11/13
31,18125126,Nguyen Thanh,Dat,Male,2000/07/23
32,18125132,Nguyen Gia,Huy,Male,2000/04/27
33,18125133,Nguyen Tien,Khoa,Male,2000/08/26
34,18125135,Nguyen Hoang,Minh,Male,2000/01/15
35,18125142,Nguyen Dao Gia,Ninh,Male,1999/05/30
36,18125143,Nguyen Thi Kim,Trang,Female,2000/11/10
37,18125137,Tran Thien,Phuc,Male,2000/09/28
