No,ID,Last name,First Name,Gender,Date of Birth
1,18125004,Le Ton Thanh,Dat,Male,2000/03/02
2,18125011,Dang Khanh,Mai,Female,2000/12/29
3,18125013,Huynh Dai,Nhan,Male,2000/02/24
4,18125014,Le Hoang,Nhan,Male,2000/06/25
5,18125017,La Hoang,Phong,Male,2000/09/14
6,18125023,Le Viet,Thanh,Male,2000/06/08
7,18125038,Hoang Nguyen,Khoi,Male,2000/10/24
8,18125042,Hoang Xuan,Nhat,Male,2000/09/17
9,18125043,Cao The,San,Male,2000/08/13
10,18125049,Huynh Minh,Hieu,Male,2000/12/14
11,18125054,Bui Minh Duc,Tai,Male,2000/04/30
12,18125062,Do Phan,Bac,Male,2000/12/16
13,18125063,Bui Xuan,Bao,Male,2000/07/08
14,18125069,Dang Thanh,Dat,Male,2000/10/10
15,18125070,Dinh Cong,Dat,Male,2000/12/16
16,18125071,Le Cao Tien,Dat,Male,2000/02/04
17,18125073,Huynh Bao,Di,Male,2000/05/03
18,18125077,Hang Anh,Hung,Male,2000/01/02
19,18125084,Huynh Mac,Khai,Male,2000/04/22
20,18125085,Ho Nguyen,Khang,Male,2000/04/11
21,18125087,Le Tuan,Khanh,Male,2000/02/01
22,18125103,Do Khac Minh,Nhat,Male,2000/03/23
23,18125105,Do Minh,Nhut,Male,2000/01/01
24,18125107,Huynh Tan,Phat,Male,2000/04/04
25,18125108,Luong Minh,Phuc,Male,2000/09/25
26,18125111,Cao Ngoc,Son,Male,2000/07/19
27,18125119,Bui Xuan,Vinh,Male,2000/09/14
28,18125123,Ho Thi Phuong,Anh,Female,2000/01/05
29,18125127,Do Le,Duan,Male,1999/11/03
30,18125130,Hoang Minh,Huy,Male,2000/03/29
31,18125131,Lam Duc,Huy,Male,2000/06/23
32,18125134,Le Hoang,Minh,Male,2000/02/09
33,18125138,Huynh Nhat,Tan,Male,2000/05/18
34,18125139,Ha Duc Minh,Thao,Male,2000/07/09
35,18125140,Le Ngoc,Minh,Male,2000/01/02
36,18125141,Dang Phuong,Nam,Male,2000/08/24
37,18125144,Le Huynh Minh,Tri,Male,2000/01/22
