No,ID,Last name,First Name,Gender,Date of Birth
1,18125006,Pham Le Thuy,Dung,Female,2000/04/02
2,18125007,Vu Tran,Duy,Male,2000/01/03
3,18125008,Pham Quoc,Huy,Male,2000/02/11
4,18125010,Pham Kha,Luan,Male,2000/08/01
5,18125016,Tang Loi,Phat,Male,2000/12/08
6,18125024,Tran Hoang,Thanh,Female,2000/02/05
7,18125027,Truong Nhu Quoc,Thinh,Male,2000/08/01
8,18125030,Phan Le Minh,Triet,Male,2000/09/04
9,18125031,Tran Minh,Triet,Male,2000/08/20
10,18125044,Pham Hoai Phu,Thinh,Male,2000/10/25
11,18125047,Truong Cong,Anh,Male,2000/10/20
12,18125048,Nguyen Tran Quang,Duy,Male,2000/08/29
13,18125055,Vo Thi Be,Thi,Female,1999/01/05
14,18125058,Vu The,Vinh,Male,2000/01/07
15,18125059,Van Duy,An,Male,2000/02/02
16,18125061,Vu Phuong,Anh,Female,2000/09/10
17,18125065,Phan Ho Nguyen,Bao,Male,1999/08/15
18,18125066,Tran Thanh,Binh,Male,2000/04/17
19,18125067,Tran Hoai,Chau,Male,2000/07/03
20,18125068,Truong Hoang,Chuong,Male,2000/01/05
21,18125072,Nguyen Tran Hien,Dat,Male,2000/04/12
22,18125074,Pham Tran Hien,Dung,Female,2000/03/29
23,18125078,Tran Nguyen Quoc,Hung,Male,2000/09/11
24,18125079,Trinh Thai,Hung,Male,2000/12/20
25,18125082,Pham Gia,Huy,Male,2000/11/18
26,18125092,Nguyen Tran Minh,Khue,Female,2000/09/23
27,18125093,Tran Anh,Kiet,Male,2000/08/24
28,18125098,Pham Hoang,Long,Male,2000/09/12
29,18125110,Truong Thuy,Quyen,Female,1999/06/16
30,18125116,Tran Anh,Tuan,Male,2000/02/01
31,18125117,Tran Cao,Tung,Male,2000/04/18
32,18125118,Phan Pham Thanh,Tuyen,Female,2000/06/09
33,18125120,Vo Tran Quoc,Vu,Male,2000/01/06
34,18125125,Pham Bang,Dang,Male,2000/07/14
35,18125128,Nguyen Truong,Hai,Male,2000/01/14
36,18125129,Nguyen Trung,Hau,Male,2000/04/16
37,18125136,Vo Minh,Nhan,Male,2000/07/06
