No,ID,Last name,First Name,Gender,Date of Birth
1,18126002,Nguyen Thanh,Trang,Female,2000/12/18
2,18126005,Nguyen Hoang,Long,Male,2000/06/14
3,18126006,Thai Hoang,Nhan,Male,2000/06/23
4,18126007,Pham Vo Duc,Phong,Male,1998/01/06
5,18126008,Le Ba,Quoc,Male,2000/02/03
6,18126009,Tran Quoc,Tien,Male,2000/09/05
7,18126010,Nguyen Huu Khanh,Tuong,Male,2000/05/21
8,18126011,Tran Khanh Gia,Uy,Male,1999/08/12
9,18126012,Huynh Ngoc,An,Male,2000/07/01
10,18126013,Hoang Minh,Duc,Male,2000/01/13
11,18126014,Luong Long,Ha,Male,2000/07/24
12,18126015,Nguyen Thi Ngoc,Han,Female,2000/01/18
13,18126016,Phan Trung,Hieu,Male,2000/01/14
14,18126017,Tran Thi Ngoc,Huyen,Female,2000/10/23
15,18126018,Pham Nguyen Nhat,Khan,Male,2000/04/29
16,18126019,Nguyen Trong,Khang,Male,2000/12/05
17,18126020,Tran Bao,Khanh,Male,2000/08/09
18,18126021,Do Minh,Khoa,Male,2000/10/24
19,18126023,Dang Diem,Linh,Female,1998/01/02
20,18126025,Nguyen Nhat,Minh,Male,2000/03/14
21,18126026,Nguyen Le Hoang,Nam,Male,2000/03/24
22,18126027,Nguyen Chon Trong,Nhan,Male,2000/08/19
23,18126028,Nguyen Duc,Phu,Male,2000/09/16
24,18126029,Nguyen,Sang,Male,2000/03/28
25,18126031,Truong Le Huynh,Thang,Male,2000/01/23
26,18126032,Do Nguyen Minh,Thanh,Male,2000/08/18
27,18126033,Le Thi Anh,Thi,Female,2000/03/20
28,18126034,Doan Nam,Thuan,Male,2000/01/04
29,18126035,Dinh Viet,Trung,Male,1999/06/02
30,18126036,Phan Binh Duy,Uyen,Female,2000/01/24
31,18126037,Dinh Thanh,Viet,Male,2000/07/15
32,18126038,Duong Quang,Vinh,Male,2000/01/27
33,18126039,Truong Chi,Vy,Male,2000/12/06
34,18126040,Nguyen Thi,Xuan,Female,2000/10/25
