No,ID,Last name,First Name,Midterm,Lab,Final,Bonus
1,18127068,Bui Nguyen Minh,Chau,5.5,1,4.5,9
2,18127080,Kieu Vu Minh,Duc,5.5,1.5,8.5,10
3,18127082,Dang Thi Kim,Dung,6,1,5.5,9
4,18127084,Dinh Hoang,Duong,7.5,2,8,10
5,18127087,Duong Tran Man,Duy,7,1.5,6,10
6,18127088,Le Cao,Duy,5,2,6.5,9
7,18127097,Ha The,Hien,7,2,8.5,9
8,18127101,Dao Le Viet,Hoang,8.5,2,8.5,9
9,18127103,Cao Gia,Hung,4.5,1,7,10
10,18127105,Do Quoc,Huy,4.5,2,8,10
11,18127106,Huynh Nguyen Nhat Quang,Huy,7,1.5,5,10
12,18127124,Hoang Xuan,Kiet,7,1.5,6.5,10
13,18127126,Huynh Duc,Le,6.5,1,7,10
14,18127132,Bui Thanh,Long,6.5,0,5.5,10
15,18127133,La Hoang,Long,8.5,2,7.5,9
16,18127146,Khuu Vi,Luan,3.5,0,4,10
17,18127149,Hua Minh,Man,3.5,0,8,9
18,18127151,Ho,Minh,5.5,1,5,10
19,18127164,Huynh Thien,Nhan,4.5,1,6,9
20,18127170,Duong Trung,Nhat,5,1,8,10
21,18127172,Dang Nguyen Quynh,Nhu,4.5,1,6,10
22,18127175,Duong Tan,Phat,8.5,1.5,9.5,9
23,18127185,Bui Vu Hieu,Phung,6,1,8,10
24,18127187,Duong Ngoc Nguyen,Phuong,5.5,1,7,10
25,18127189,Do Duc,Quang,2.5,1,6,9
26,18127193,Ho Pham Nam,Quoc,8.5,2,8.5,10
27,18127195,Hy Phu,Quyen,7,1,8,9
28,18127196,Cao Nguyen An,Son,7,1.5,10,10
29,18127197,Dang Khanh,Son,6.5,1,4.5,9
30,18127207,La Thanh,Thai,9,1.5,9,10
31,18127209,Ha Minh,Thanh,5.5,1.5,8,10
32,18127221,Bui Van,Thien,3,1,4,10
33,18127231,Doan Dinh,Toan,9,2,10,10
34,18127244,Bui Ta Duc,Tuan,7.5,1,7.5,10
35,18127251,Ho Huu,Vien,5.5,0.5,5.5,10
36,18127252,Dinh Thanh,Viet,5.5,0.5,7,10
37,18127273,Nguyen Nhat,Toan,5,2,6.5,10
